ISO_A3,ISO_A2,WB_A3,HASC_0,GAUL_0,WB_REGION,WB_STATUS,SOVEREIGN,NAM_0,total_surface,year
CHN,CN,CHN,CN,147295,EAP,Member State,CHN,China,36610764800.0,1990
JPN,JP,JPN,JP,126,Other,Member State,JPN,Japan,9882578944.0,1990
KOR,KR,KOR,KR,202,EAP,Member State,KOR,Republic of Korea,1912922752.0,1990
PRK,KP,PRK,KP,67,Other,Non Member State,PRK,D. P. R. of Korea,268797216.0,1990
RUS,RU,RUS,RU,204,ECA,Member State,RUS,Russian Federation,8804526080.0,1990
IND,IN,IND,IN,115,SAR,Member State,IND,India,18562983936.0,1990
KAZ,KZ,KAZ,KZ,132,ECA,Member State,KAZ,Kazakhstan,1488024064.0,1990
KGZ,KG,KGZ,KG,138,ECA,Member State,KGZ,Kyrgyz Republic,374493728.0,1990
MMR,MM,MMR,MM,171,EAP,Member State,MMR,Myanmar,888099712.0,1990
MNG,MN,MNG,MN,0,EAP,Member State,MNG,Mongolia,135467872.0,1990
VNM,VN,VNM,VN,264,EAP,Member State,VNM,Viet Nam,1814570112.0,1990
AFG,AF,AFG,AF,1,SAR,Member State,AFG,Afghanistan,328870496.0,1990
ARE,AE,ARE,AE,255,MENA,Member State,ARE,United Arab Emirates,279366016.0,1990
AZE,AZ,AZE,AZ,0,ECA,Member State,AZE,Azerbaijan,513394656.0,1990
BLR,BY,BLR,BY,26,ECA,Member State,BLR,Belarus,926935488.0,1990
BTN,BT,BTN,BT,31,SAR,Member State,BTN,Bhutan,16149984.0,1990
GEO,GE,GEO,GE,0,ECA,Member State,GEO,Georgia,407445856.0,1990
IRN,IR,IRN,IR,117,MENA,Member State,IRN,Islamic Republic of Iran,2466060800.0,1990
LVA,LV,LVA,LV,140,ECA,Member State,LVA,Latvia,231411264.0,1990
MDA,MD,MDA,MD,0,ECA,Member State,MDA,Moldova,391708064.0,1990
NPL,NP,NPL,NP,175,SAR,Member State,NPL,Nepal,496337984.0,1990
OMN,OM,OMN,OM,187,MENA,Member State,OMN,Oman,308508096.0,1990
PAK,PK,PAK,PK,188,SAR,Member State,PAK,Pakistan,2969517312.0,1990
ROU,RO,ROM,,0,ECA,Member State,ROM,Romania,1527880192.0,1990
TJK,TJ,TJK,TJ,239,ECA,Member State,TJK,Tajikistan,426273248.0,1990
TKM,TM,TKM,TM,250,ECA,Member State,TKM,Turkmenistan,501302688.0,1990
TUR,TR,TUR,TR,249,ECA,Member State,TUR,TÃ¼rkiye,2054386944.0,1990
UKR,UA,UKR,UA,254,ECA,Member State,UKR,Ukraine,3046195456.0,1990
UZB,UZ,UZB,UZ,261,ECA,Member State,UZB,Uzbekistan,2393732096.0,1990
ARM,AM,ARM,AM,13,ECA,Member State,ARM,Armenia,173808448.0,1990
BHR,BH,BHR,BH,21,MENA,Member State,BHR,Bahrain,56497264.0,1990
CYP,CY,CYP,CY,0,ECA,Member State,CYP,Cyprus,82299152.0,1990
DJI,DJ,DJI,DJ,70,MENA,Member State,DJI,Djibouti,7013314.5,1990
EGY,EG,EGY,EG,40765,MENA,Member State,EGY,Arab Republic of Egypt,1765320448.0,1990
ERI,ER,ERI,ER,77,AFR,Member State,ERI,Eritrea,36297944.0,1990
ETH,ET,ETH,ET,0,AFR,Member State,ETH,Ethiopia,646456448.0,1990
FIN,FI,FIN,FI,84,Other,Member State,FIN,Finland,417932544.0,1990
GBR,GB,GBR,GB,256,Other,Territory,GBR,Sovereign Base Areas of Akrotiri and Dhekelia (U.K.),2853988.0,1990
IRQ,IQ,,IQ,118,MENA,Member State,IRQ,Iraq,1019399744.0,1990
ISR,IL,ISR,IL,121,Other,Member State,ISR,Israel,284671232.0,1990
JOR,JO,JOR,JO,130,MENA,Member State,JOR,Jordan,186009968.0,1990
KEN,KE,KEN,KE,133,AFR,Member State,KEN,Kenya,761735872.0,1990
KWT,KW,KWT,KW,137,MENA,Member State,KWT,Kuwait,169887968.0,1990
LBN,LB,LBN,LB,141,MENA,Member State,LBN,Lebanon,201517888.0,1990
NOR,NO,NOR,NO,186,Other,Member State,NOR,Norway,268897952.0,1990
PSE,GZ,WBG,PS,91,MENA,Territory,PSE,West Bank and Gaza,136205792.0,1990
QAT,QA,QAT,QA,201,MENA,Member State,QAT,Qatar,93187256.0,1990
SAU,SA,SAU,SA,215,MENA,Member State,SAU,Saudi Arabia,1591743744.0,1990
SDN,SD,SDN,SD,6,AFR,Member State,SDN,Sudan,837147904.0,1990
SOM,SO,SOM,SO,226,AFR,Member State,SOM,Somalia,105486744.0,1990
SSD,SS,SSD,SS,74,AFR,Member State,SSD,South Sudan,58753824.0,1990
SYR,SY,SYR,SY,238,MENA,Member State,SYR,Syrian Arab Republic,681397120.0,1990
UGA,UG,UGA,UG,253,AFR,Member State,UGA,Uganda,780550336.0,1990
UKR,UA,UKR,UA,0,ECA,Member State,UKR,Ukraine,202908832.0,1990
YEM,RY,YEM,YE,269,MENA,Member State,YEM,Republic of Yemen,183872656.0,1990
ATF,TF,ATF,TF,88,Other,Territory,FRA,French Southern and Antarctic Lands (Fr.),98208.890625,1990
BDI,BI,BDI,BI,0,AFR,Member State,BDI,Burundi,133473704.0,1990
COD,ZR,DRC,CD,0,AFR,Member State,COD,Democratic Republic of Congo,1650181504.0,1990
COM,KM,COM,KM,58,AFR,Member State,COM,Comoros,23550626.0,1990
DNK,DK,DNK,DK,69,Other,Member State,DNK,Denmark,618911616.0,1990
EST,EE,EST,EE,78,ECA,Member State,EST,Estonia,173059120.0,1990
GRC,GR,GRC,GR,97,Other,Member State,GRC,Greece,867420160.0,1990
HMD,HM,HMD,HM,109,Other,Territory,AUS,Heard Island and McDonald Islands (Aus.),,1990
LKA,LK,LKA,LK,0,SAR,Member State,LKA,Sri Lanka,482412864.0,1990
LSO,LS,LSO,LS,0,AFR,Member State,LSO,Lesotho,105882984.0,1990
MDG,MG,MDG,MG,0,AFR,Member State,MDG,Madagascar,514694464.0,1990
MDV,MV,MDV,MV,154,SAR,Member State,MDV,Maldives,2693984.75,1990
MOZ,MZ,MOZ,MZ,0,AFR,Member State,MOZ,Mozambique,754228672.0,1990
MUS,MU,MUS,MU,160,AFR,Member State,MUS,Mauritius,52498960.0,1990
MWI,MW,MWI,MW,152,AFR,Member State,MWI,Malawi,568548544.0,1990
REU,RE,FRA,FR,206,Other,Member State,FRA,France,36832336.0,1990
RWA,RW,RWA,RW,205,AFR,Member State,RWA,Rwanda,242200256.0,1990
SWE,SE,SWE,SE,236,Other,Member State,SWE,Sweden,729813632.0,1990
SWZ,SZ,SWZ,SZ,0,AFR,Member State,SWZ,Eswatini,39444136.0,1990
SYC,SC,SYC,SC,220,AFR,Member State,SYC,Seychelles,4229677.5,1990
TZA,TZ,TZA,TZ,257,AFR,Member State,TZA,Tanzania,1556940288.0,1990
ZAF,ZA,ZAF,ZA,0,AFR,Member State,ZAF,South Africa,3759001088.0,1990
ZMB,ZM,ZMB,ZM,0,AFR,Member State,ZMB,Zambia,760807104.0,1990
ZWE,ZW,ZWE,ZW,271,AFR,Member State,ZWE,Zimbabwe,458759200.0,1990
ALA,AX,FIN,FI,84,Other,Territory,FIN,Aaland (Fin.),2493543.75,1990
BGR,BG,BGR,BG,41,ECA,Member State,BGR,Bulgaria,653688320.0,1990
CZE,CZ,CZE,CZ,65,ECA,Member State,CZE,Czech Republic,1021742912.0,1990
LTU,LT,LTU,LT,147,ECA,Member State,LTU,Lithuania,386105920.0,1990
MYT,YT,FRA,FR,161,Other,Member State,FRA,France,8669620.0,1990
POL,PL,POL,PL,198,ECA,Member State,POL,Poland,3137950976.0,1990
SJM,SJ,SJM,SJ,234,Other,Territory,NOR,Svalbard and Jan Mayen (Nor.),49629.62109375,1990
SVK,SK,SVK,SK,223,ECA,Member State,SVK,Slovak Republic,504060032.0,1990
ALB,AL,ALB,AL,3,ECA,Member State,ALB,Albania,146922432.0,1990
AUT,AT,AUT,AT,18,Other,Member State,AUT,Austria,828324608.0,1990
BEL,BE,BEL,BE,27,Other,Member State,BEL,Belgium,1042328320.0,1990
BIH,BA,BIH,BA,34,ECA,Member State,BIH,Bosnia and Herzegovina,258306576.0,1990
DEU,DE,DEU,DE,93,Other,Member State,DEU,Germany,7141707264.0,1990
FRA,FR,FRA,FR,85,Other,Member State,FRA,France,7109865472.0,1990
GBR,GB,GBR,GB,256,Other,Member State,GBR,United Kingdom,4628557312.0,1990
GGY,GG,GGY,GG,104,Other,Territory,GBR,Guernsey (U.K.),4174870.0,1990
HRV,HR,HRV,HR,62,ECA,Member State,HRV,Croatia,365788480.0,1990
HUN,HU,HUN,HU,113,ECA,Member State,HUN,Hungary,988781056.0,1990
IMN,IM,IMY,IM,120,Other,Territory,GBR,Isle of Man (U.K.),4805731.0,1990
IRL,IE,IRL,IE,119,Other,Member State,IRL,Ireland,561308672.0,1990
ITA,IT,ITA,IT,122,Other,Member State,ITA,Italy,5149372416.0,1990
JEY,JE,JEY,JE,128,Other,Territory,GBR,Jersey (U.K.),5319101.0,1990
LUX,LU,LUX,LU,148,Other,Member State,LUX,Luxembourg,43905400.0,1990
MKD,MK,MKD,MK,241,ECA,Member State,MKD,North Macedonia,125623120.0,1990
MNE,ME,MNE,ME,2647,ECA,Member State,MNE,Montenegro,25204564.0,1990
NLD,NL,NLD,NL,177,Other,Member State,NLD,Netherlands,1310764288.0,1990
SRB,YF,SRB,RS,2648,ECA,Member State,SRB,Serbia,587460672.0,1990
SVN,SI,SVN,SI,224,ECA,Member State,SVN,Slovenia,204503184.0,1990
XKX,XK,XKX,XK,75008,ECA,Member State,XKX,Kosovo,54186772.0,1990
AND,AD,ADO,AD,7,Other,Member State,AND,Andorra,1431969.75,1990
CHE,CH,CHE,CH,237,Other,Member State,CHE,Switzerland,582559424.0,1990
DZA,DZ,DZA,DZ,4,MENA,Member State,DZA,Algeria,1490990976.0,1990
ESP,ES,ESP,ES,229,MENA,Territory,ESP,Ceuta (Sp.),1640654.0,1990
ESP,ES,ESP,ES,229,MENA,Territory,ESP,Las Islas Chafarinas (Sp.),,1990
ESP,ES,ESP,ES,229,MENA,Territory,ESP,Melilla (Sp.),2161427.75,1990
ESP,ES,ESP,ES,229,MENA,Territory,ESP,PeÃ±Ã³n de Alhucaimas (Sp.),,1990
ESP,ES,ESP,ES,229,MENA,Territory,ESP,PeÃ±Ã³n de VÃ©lez de la Gomera (Sp.),,1990
ESP,ES,ESP,ES,229,Other,Member State,ESP,Spain,3117680896.0,1990
FRO,FO,FRO,FO,82,Other,Territory,DNK,Faroe Islands (Den.),105951.4453125,1990
GIB,GI,GBR,GB,0,Other,Territory,GBR,Gibraltar (U.K.),761510.9375,1990
LBY,LY,LBY,LY,145,MENA,Member State,LBY,Libya,613364928.0,1990
LIE,LI,LIE,LI,146,Other,Non Member State,LIE,Liechtenstein,3251362.0,1990
MAR,MA,MAR,MA,169,MENA,Member State,MAR,Morocco,529852544.0,1990
MCO,MC,MCO,MC,166,Other,Non Member State,MCO,Monaco,666018.625,1990
MLT,MT,MLT,MT,156,MENA,Member State,MLT,Malta,30459246.0,1990
PRT,PT,PRT,PT,74578,Other,Member State,PRT,Portugal,20483038.0,1990
PRT,PT,PRT,PT,199,Other,Member State,PRT,Portugal,810014720.0,1990
PRT,PT,PRT,PT,151,Other,Member State,PRT,Portugal,11639677.0,1990
SMR,SM,SMR,SM,213,Other,Member State,SMR,San Marino,2947687.5,1990
TUN,TN,TUN,TN,248,MENA,Member State,TUN,Tunisia,799088448.0,1990
VAT,VA,VAT,VA,110,Other,Non Member State,VAT,Vatican City,209387.75,1990
BEN,BJ,BEN,,0,AFR,Member State,BEN,Benin,365133856.0,1990
BFA,BF,BFA,BF,42,AFR,Member State,BFA,Burkina Faso,413870080.0,1990
CAF,CF,CAF,CF,49,AFR,Member State,CAF,Central African Republic,144111344.0,1990
CIV,CI,CIV,CI,66,AFR,Member State,CIV,CÃ´te d'Ivoire,768197120.0,1990
CMR,CM,CMR,CM,45,AFR,Member State,CMR,Cameroon,761872000.0,1990
GHA,GH,GHA,GH,0,AFR,Member State,GHA,Ghana,937348160.0,1990
ISL,IS,ISL,IS,114,Other,Member State,ISL,Iceland,24657044.0,1990
MLI,ML,MLI,ML,0,AFR,Member State,MLI,Mali,528439424.0,1990
NER,NE,NER,NE,0,AFR,Member State,NER,Niger,298166848.0,1990
NGA,NG,NGA,NG,0,AFR,Member State,NGA,Nigeria,4086852352.0,1990
TCD,TD,TCD,TD,50,AFR,Member State,TCD,Chad,277611264.0,1990
TGO,TG,TGO,TG,0,AFR,Member State,TGO,Togo,204431520.0,1990
USA,US,USA,US,259,Other,Member State,USA,United States of America,43806658560.0,1990
AGO,AO,AGO,AO,8,AFR,Member State,AGO,Angola,731761408.0,1990
BWA,BW,BWA,BW,35,AFR,Member State,BWA,Botswana,284346016.0,1990
COG,CG,COG,CG,59,AFR,Member State,COG,Congo,171631216.0,1990
GAB,GA,GAB,GA,89,AFR,Member State,GAB,Gabon,109674200.0,1990
GNQ,GQ,GNQ,GQ,76,AFR,Member State,GNQ,Equatorial Guinea,32216626.0,1990
GRL,GL,GRL,GL,98,Other,Territory,DNK,Greenland (Den.),2171553.75,1990
LBR,LR,LBR,LR,144,AFR,Member State,LBR,Liberia,128504696.0,1990
NAM,NA,NAM,NA,172,AFR,Member State,NAM,Namibia,160447824.0,1990
ZWE,ZW,ZWE,,0,AFR,Member State,ZWE,Zimbabwe,145322.59375,1990
BRA,BR,BRA,BR,37,LCR,Member State,BRA,Brazil,10984167424.0,1990
BVT,BV,BVT,BV,36,Other,Territory,NOR,Bouvet Island (Nor.),,1990
CPV,CV,CPV,CV,0,AFR,Member State,CPV,Cabo Verde,14533977.0,1990
FJI,FJ,FJI,FJ,83,EAP,Member State,FJI,Fiji,55792252.0,1990
GIN,GN,GIN,GN,106,AFR,Member State,GIN,Guinea,378671648.0,1990
MRT,MR,MRT,MR,0,AFR,Member State,MRT,Mauritania,70147720.0,1990
SHN,SH,SHN,SH,207,Other,Territory,GBR,"Saint Helena, Ascension and Tristan da Cunha (U.K.)",570301.625,1990
STP,ST,STP,ST,214,AFR,Member State,STP,SÃ£o TomÃ© and PrÃ­ncipe,7430734.0,1990
GMB,GM,GMB,GM,0,AFR,Member State,GMB,The Gambia,70140576.0,1990
GNB,GW,GNB,GW,105,AFR,Member State,GNB,Guinea-Bissau,64891860.0,1990
GUM,GU,GUM,GU,101,Other,Territory,USA,Guam (U.S.),15763815.0,1990
MNP,MP,MNP,MP,185,Other,Territory,USA,Northern Mariana Islands (U.S.),4142472.0,1990
PHL,PH,PHL,PH,0,EAP,Member State,PHL,Philippines,1511398912.0,1990
SEN,SN,SEN,SN,0,AFR,Member State,SEN,Senegal,375606528.0,1990
SLE,SL,SLE,SL,221,AFR,Member State,SLE,Sierra Leone,135650912.0,1990
UMI,UM,UMI,UM,265,Other,Territory,USA,U.S. Minor Outlying Islands (U.S.),44291.52734375,1990
BGD,BD,BGD,BD,23,SAR,Member State,BGD,Bangladesh,1446298368.0,1990
BRN,BN,BRN,BN,40,Other,Member State,BRN,Brunei Darussalam,31131912.0,1990
HKG,HK,HKG,HK,33364,EAP,Special Administrative Region,CHN,"Hong Kong SAR, China",47885224.0,1990
IDN,ID,IDN,ID,116,EAP,Member State,IDN,Indonesia,7502979584.0,1990
KHM,KH,KHM,KH,0,EAP,Member State,KHM,Cambodia,323753056.0,1990
LAO,LA,LAO,LA,139,EAP,Member State,LAO,Lao People's Democratic Republic,153883232.0,1990
MAC,MO,MAC,MO,149,EAP,Special Administrative Region,CHN,"Macau SAR, China",4020155.0,1990
MYS,MY,MYS,MY,153,EAP,Member State,MYS,Malaysia,1061522368.0,1990
PLW,PW,PLW,PW,189,EAP,Member State,PLW,Palau,907568.8125,1990
THA,TH,THA,TH,240,EAP,Member State,THA,Thailand,3703243520.0,1990
TLS,TP,TMP,TL,242,EAP,Member State,TLS,Timor-Leste,35588872.0,1990
AUS,AU,AUS,AU,17,Other,Member State,AUS,Australia,3506039808.0,1990
NFK,NF,NFK,NF,184,Other,Territory,AUS,Norfolk Island (Aus.),544770.0,1990
NZL,NZ,NZL,NZ,179,Other,Member State,NZL,New Zealand,780458112.0,1990
PNG,PG,PNG,PG,192,EAP,Member State,PNG,Papua New Guinea,145758752.0,1990
SGP,SG,SGP,SG,222,Other,Member State,SGP,Singapore,101520816.0,1990
TUV,TV,TUV,TV,252,EAP,Member State,TUV,Tuvalu,279364.8125,1990
VUT,VU,VUT,VU,262,EAP,Member State,VUT,Vanuatu,10886233.0,1990
AIA,AI,AIA,AI,9,Other,Territory,GBR,Anguilla (U.K.),2834994.0,1990
ATG,AG,ATG,AG,11,LCR,Member State,ATG,Antigua and Barbuda,10281819.0,1990
AUS,AU,AUS,AU,16,Other,Territory,AUS,Ashmore and Cartier Islands (Aus.),,1990
BES,BQ,BES,BQ,75003,Other,Territory,NLD,"Bonaire, Sint Eustatius and Saba (Neth.)",120042.671875,1990
BES,BQ,BES,BQ,75004,Other,Territory,NLD,"Bonaire, Sint Eustatius and Saba (Neth.)",411654.3125,1990
BLM,BL,BLM,BL,75006,Other,Territory,FRA,Saint-BarthÃ©lemy (Fr.),921979.5,1990
BMU,BM,BMU,BM,30,Other,Territory,GBR,Bermuda (U.K.),6525537.0,1990
BRB,BB,BRB,BB,24,LCR,Member State,BRB,Barbados,26408282.0,1990
CAN,CA,CAN,CA,46,Other,Member State,CAN,Canada,3836159488.0,1990
CCK,CC,CCK,CC,56,Other,Territory,AUS,Cocos (Keeling) Islands (Aus.),31594.373046875,1990
CXR,CX,CXR,CX,54,Other,Territory,AUS,Christmas Island (Aus.),333265.03125,1990
DMA,DM,DMA,DM,71,LCR,Member State,DMA,Dominica,3402452.0,1990
DOM,DO,DOM,DO,72,LCR,Member State,DOM,Dominican Republic,223359792.0,1990
FSM,FM,FSM,FM,163,EAP,Member State,FSM,Federated States of Micronesia,3412686.5,1990
GLP,GP,FRA,FR,100,Other,Member State,FRA,France,49641700.0,1990
GRD,GD,GRD,GD,99,LCR,Member State,GRD,Grenada,6618389.5,1990
GUF,GF,FRA,FR,86,Other,Member State,FRA,France,11664949.0,1990
GUY,GY,GUY,GY,107,LCR,Member State,GUY,Guyana,26896078.0,1990
KNA,KN,KNA,KN,208,LCR,Member State,KNA,Saint Kitts and Nevis,5863138.5,1990
LCA,LC,LCA,LC,209,LCR,Member State,LCA,Saint Lucia,9881638.0,1990
MAF,MF,MAF,MF,75007,Other,Territory,FRA,Saint-Martin (Fr.),2185740.25,1990
MHL,MH,MHL,MH,157,EAP,Member State,MHL,Marshall Islands,1103079.25,1990
MSR,MS,MSR,MS,168,Other,Territory,GBR,Montserrat (U.K.),604021.1875,1990
MTQ,MQ,FRA,FR,158,Other,Member State,FRA,France,31506418.0,1990
NCL,NC,NCL,NC,178,Other,Territory,FRA,New Caledonia (Fr.),33025058.0,1990
NRU,NR,NRU,NR,173,EAP,Member State,NRU,Nauru,508650.0625,1990
PRI,PR,PRI,PR,200,Other,Territory,USA,Puerto Rico (U.S.),348291552.0,1990
SLB,SB,SLB,SB,225,EAP,Member State,SLB,Solomon Islands,21223300.0,1990
SPM,PM,SPM,PM,210,Other,Territory,FRA,Saint-Pierre-et-Miquelon (Fr.),309811.78125,1990
SUR,SR,SUR,SR,233,LCR,Member State,SUR,Suriname,50150028.0,1990
SXM,SX,SXM,SX,75005,Other,Territory,NLD,Sint Maarten (Neth.),3207147.5,1990
TTO,TT,TTO,TT,246,LCR,Member State,TTO,Trinidad and Tobago,137045504.0,1990
VCT,VC,VCT,VC,211,LCR,Member State,VCT,Saint Vincent and the Grenadines,7477861.0,1990
VEN,VE,VEN,VE,263,LCR,Member State,VEN,Republica Bolivariana de Venezuela,920375936.0,1990
VGB,VG,VGB,VG,39,Other,Territory,GBR,British Virgin Islands (U.K.),2616457.25,1990
VIR,VI,VIR,VI,258,Other,Territory,USA,United States Virgin Islands (U.S.),18568386.0,1990
ABW,AW,ABW,AW,14,Other,Territory,NLD,Aruba (Neth.),10701824.0,1990
BES,BQ,BES,BQ,75001,Other,Territory,NLD,"Bonaire, Sint Eustatius and Saba (Neth.)",782480.25,1990
BHS,BS,BHS,BS,20,LCR,Member State,BHS,The Bahamas,23646268.0,1990
COL,CO,COL,CO,57,LCR,Member State,COL,Colombia,1208564736.0,1990
CUB,CU,CUB,CU,0,Other,Non Member State,CUB,Cuba,320976736.0,1990
CUW,CW,CUW,CW,75002,Other,Territory,NLD,CuraÃ§ao (Neth.),11979510.0,1990
CYM,KY,CYM,KY,48,Other,Territory,GBR,Cayman Islands (U.K.),5835159.0,1990
HND,HN,HND,HN,111,LCR,Member State,HND,Honduras,261117168.0,1990
HTI,HT,,HT,0,LCR,Member State,HIT,Haiti,149092016.0,1990
JAM,JM,JAM,JM,123,LCR,Member State,JAM,Jamaica,134221056.0,1990
NIC,NI,NIC,NI,180,LCR,Member State,NIC,Nicaragua,191444992.0,1990
SLV,SV,SLV,SV,75,LCR,Member State,SLV,El Salvador,197423952.0,1990
TCA,TC,TCA,TC,251,Other,Territory,GBR,Turks and Caicos Islands (U.K.),362760.59375,1990
BOL,BO,BOL,BO,33,LCR,Member State,BOL,Bolivia,520987200.0,1990
CRI,CR,CRI,,0,LCR,Member State,CRI,Costa Rica,233988992.0,1990
ECU,EC,ECU,EC,0,LCR,Member State,ECU,Ecuador,686823744.0,1990
GTM,GT,GTM,GT,103,LCR,Member State,GTM,Guatemala,547493568.0,1990
MEX,MX,MEX,,0,LCR,Member State,MEX,Mexico,5361732096.0,1990
PAN,PA,PAN,PA,191,LCR,Member State,PAN,Panama,164635840.0,1990
PER,PE,PER,PE,195,LCR,Member State,PER,Peru,1230329088.0,1990
BLZ,BZ,BLZ,BZ,28,LCR,Member State,BLZ,Belize,20652628.0,1990
UMI,UM,UMI,UM,164,Other,Territory,USA,U.S. Minor Outlying Islands,80499.8671875,1990
ARG,AR,ARG,AR,12,LCR,Member State,ARG,Argentina,2985627136.0,1990
PRY,PY,PRY,PY,194,LCR,Member State,PRY,Paraguay,436754944.0,1990
ASM,AS,ASM,AS,5,Other,Territory,USA,American Samoa (U.S.),3553727.5,1990
CHL,CL,CHL,CL,51,LCR,Member State,CHL,Chile,919430912.0,1990
COK,CK,COK,CK,60,Other,Territory,NZL,Cook Islands (N.Z.),1178172.375,1990
FRA,FR,FRA,FR,55,Other,Territory,FRA,Clipperton Island (Fr.),,1990
KIR,KI,KIR,KI,135,EAP,Member State,KIR,Kiribati,740111.4375,1990
NIU,NU,NIU,NU,183,Other,Territory,NZL,Niue (N.Z.),37931.3359375,1990
PCN,PN,PCN,PN,197,Other,Territory,GBR,Pitcairn Islands (U.K.),5264.37451171875,1990
PYF,PF,PYF,PF,87,Other,Territory,FRA,French Polynesia (Fr.),13680415.0,1990
TKL,TK,TKL,TK,244,Other,Territory,NZL,Tokelau (N.Z.),,1990
TON,TO,TON,TO,245,EAP,Member State,TON,Tonga,6752679.0,1990
UMI,UM,UMI,UM,127,Other,Territory,USA,U.S. Minor Outlying Islands (U.S.),,1990
UMI,UM,UMI,UM,22,Other,Territory,USA,U.S. Minor Outlying Islands (U.S.),,1990
UMI,UM,UMI,UM,112,Other,Territory,USA,U.S. Minor Outlying Islands (U.S.),,1990
UMI,UM,UMI,UM,129,Other,Territory,USA,U.S. Minor Outlying Islands (U.S.),1405.359619140625,1990
UMI,UM,UMI,UM,190,Other,Territory,USA,U.S. Minor Outlying Islands (U.S.),,1990
URY,UY,URY,UY,260,LCR,Member State,URY,Uruguay,294848800.0,1990
WLF,WF,WLF,WF,266,Other,Territory,FRA,Wallis and Futuna (Fr.),1480374.5,1990
WSM,WS,WSM,WS,212,EAP,Member State,WSM,Samoa,12335469.0,1990
,,,,0,,Non-determined legal status area,,Aksai Chin,127665.15625,1990
,,,,0,,Non-determined legal status area,,Chumar East,,1990
,,,,0,,Non-determined legal status area,,Chumar West,,1990
,,,,0,,Non-determined legal status area,,Demchok,9052.6396484375,1990
,,,,0,,Non-determined legal status area,,Jadh Ganga Valley,14338.98828125,1990
,,,,0,,Non-determined legal status area,,"Kauirik
",1772.9107666015625,1990
,,,,0,,Non-determined legal status area,,Lapthal,1291.767333984375,1990
,,,,0,,Non-determined legal status area,,Shipki Pass,1747.5242919921875,1990
,,,,0,,Non-determined legal status area,,Arunachal Pradesh,27271410.0,1990
,,,,0,,Non-determined legal status area,,Gilgit Baltistan,93613272.0,1990
,,,,0,,Non-determined legal status area,,Jammu and Kashmir,204068112.0,1990
,,,,0,,Non-determined legal status area,,Kalapani,27095.01171875,1990
,,,,0,,Non-determined legal status area,,Karakoram Range,32464.947265625,1990
,,,,0,,Non-determined legal status area,,Golan Heights,3197830.0,1990
,,,,0,,Non-determined legal status area,,Ilemi Triangle,32602.87109375,1990
,,,,0,,Non-determined legal status area,,No Man's Land,738858.5,1990
,,,,0,,Non-determined legal status area,,Shebaa Farms Dispute,45033.4453125,1990
,,,,0,,Non-determined legal status area,,UN Buffer Zone,1631099.375,1990
IOT,IO,,,0,,Non-determined legal status area,,British Indian Ocean Territory,236672.578125,1990
,,,,0,,Non-determined legal status area,,Abyei,621474.0,1990
SGS,GS,,,0,,Non-determined legal status area,,South Georgia and South Sandwich Islands,39427.578125,1990
ESH,EH,,,0,,Non-determined legal status area,,Western Sahara,12517715.0,1990
,,,,0,,Non-determined legal status area,,Doklam,15545.3349609375,1990
FLK,FK,,,0,,Non-determined legal status area,,Falkland Islands,306804.21875,1990
